episode,direction,wj_unsigned,wj_signed,gap,sign_inversion_pct,magnitude_change_pct
1,CONVERGENCE,0.7402101517527703,0.9180834777173468,0.1778733259645765,68.4681588463391,31.531841153660906
2,DIVERGENCE,0.6811796060121819,0.9157099590445951,0.2345303530324132,73.56190427434652,26.438095725653483
3,CONVERGENCE,0.7391037741480907,0.9190184874380954,0.17991471329000475,68.9602590848242,31.0397409151758
4,CONVERGENCE,0.75426722444797,0.9264268223314321,0.17215959788346213,70.05968068228249,29.94031931771751
5,DIVERGENCE,0.6985749407563578,0.9191445030577605,0.22056956230140268,73.17558893572816,26.824411064271843
6,DIVERGENCE,0.6903208925411833,0.917449293041016,0.22712840049983263,73.34314618884575,26.65685381115425
